[{
    "pk": 1,
    "model": "contenttypes.contenttype",
    "fields": {
        "model": "logentry",
        "name": "log entry",
        "app_label": "admin"
    }
}, {
    "pk": 2,
    "model": "contenttypes.contenttype",
    "fields": {
        "model": "permission",
        "name": "permission",
        "app_label": "auth"
    }
}, {
    "pk": 3,
    "model": "contenttypes.contenttype",
    "fields": {
        "model": "group",
        "name": "group",
        "app_label": "auth"
    }
}, {
    "pk": 4,
    "model": "contenttypes.contenttype",
    "fields": {
        "model": "user",
        "name": "user",
        "app_label": "auth"
    }
}, {
    "pk": 5,
    "model": "contenttypes.contenttype",
    "fields": {
        "model": "contenttype",
        "name": "content type",
        "app_label": "contenttypes"
    }
}, {
    "pk": 6,
    "model": "contenttypes.contenttype",
    "fields": {
        "model": "session",
        "name": "session",
        "app_label": "sessions"
    }
}, {
    "pk": 7,
    "model": "contenttypes.contenttype",
    "fields": {
        "model": "profile",
        "name": "profile",
        "app_label": "feeds"
    }
}, {
    "pk": 8,
    "model": "contenttypes.contenttype",
    "fields": {
        "model": "post",
        "name": "post",
        "app_label": "feeds"
    }
}, {
    "pk": 9,
    "model": "contenttypes.contenttype",
    "fields": {
        "model": "like",
        "name": "like",
        "app_label": "feeds"
    }
}, {
    "pk": 10,
    "model": "contenttypes.contenttype",
    "fields": {
        "model": "comment",
        "name": "comment",
        "app_label": "feeds"
    }
}, {
    "pk": "447di9xuovgj12bn3n9ywl2lxr4lo3fd",
    "model": "sessions.session",
    "fields": {
        "expire_date": "2015-04-12T06:39:58.073Z",
        "session_data": "ZDVlNTdhOGNiM2ExNjljNGU5ZWM0MzE4NzY1YzdjYTEzN2UwNDg4NDp7Il9hdXRoX3VzZXJfYmFja2VuZCI6ImRqYW5nby5jb250cmliLmF1dGguYmFja2VuZHMuTW9kZWxCYWNrZW5kIiwiX2F1dGhfdXNlcl9pZCI6Mn0="
    }
}, {
    "pk": "7d4qsz14y1kriwcimqi7w11imt7s7jwx",
    "model": "sessions.session",
    "fields": {
        "expire_date": "2015-04-12T06:05:29.830Z",
        "session_data": "NTlmNGFkODE5MGYzZTA0ZWE0Y2VlZTUzNmMwYTY2ZmYwYWFhNWU1ODp7Il9hdXRoX3VzZXJfYmFja2VuZCI6ImRqYW5nby5jb250cmliLmF1dGguYmFja2VuZHMuTW9kZWxCYWNrZW5kIiwiX2F1dGhfdXNlcl9pZCI6MX0="
    }
}, {
    "pk": "amcnnbhnrqu4evx3v4sbqdgehnvoylj1",
    "model": "sessions.session",
    "fields": {
        "expire_date": "2015-04-13T06:39:20.082Z",
        "session_data": "NTlmNGFkODE5MGYzZTA0ZWE0Y2VlZTUzNmMwYTY2ZmYwYWFhNWU1ODp7Il9hdXRoX3VzZXJfYmFja2VuZCI6ImRqYW5nby5jb250cmliLmF1dGguYmFja2VuZHMuTW9kZWxCYWNrZW5kIiwiX2F1dGhfdXNlcl9pZCI6MX0="
    }
}, {
    "pk": "eni2rs08r9ib1mjvqk4j9przkwcn06p0",
    "model": "sessions.session",
    "fields": {
        "expire_date": "2015-04-14T03:04:05.825Z",
        "session_data": "NTU5NDY4ZmZmMjFjZDVhOGEyNzkxN2IyMWY0MTRkMmY5NWZjZmFkNTp7Il9hdXRoX3VzZXJfYmFja2VuZCI6ImRqYW5nby5jb250cmliLmF1dGguYmFja2VuZHMuTW9kZWxCYWNrZW5kIiwiX2F1dGhfdXNlcl9pZCI6OH0="
    }
}, {
    "pk": "f6e8fkuqzzafztbd3hg3vtuhr6noyikn",
    "model": "sessions.session",
    "fields": {
        "expire_date": "2015-04-13T13:41:38.837Z",
        "session_data": "ZThmZTY1NzMyZGUwMjNiNDc5ZjQ4MGM0YTFlMmI4MzZmMGU3YTljYjp7Il9hdXRoX3VzZXJfYmFja2VuZCI6ImRqYW5nby5jb250cmliLmF1dGguYmFja2VuZHMuTW9kZWxCYWNrZW5kIiwiX2F1dGhfdXNlcl9pZCI6OX0="
    }
}, {
    "pk": "q1x1yc1ltmh7duy0swi9wod81xp55khw",
    "model": "sessions.session",
    "fields": {
        "expire_date": "2015-04-12T07:44:41.856Z",
        "session_data": "ZDVlNTdhOGNiM2ExNjljNGU5ZWM0MzE4NzY1YzdjYTEzN2UwNDg4NDp7Il9hdXRoX3VzZXJfYmFja2VuZCI6ImRqYW5nby5jb250cmliLmF1dGguYmFja2VuZHMuTW9kZWxCYWNrZW5kIiwiX2F1dGhfdXNlcl9pZCI6Mn0="
    }
}, {
    "pk": "yhah6l9d8zfrbl97tti8lgvncg1sqzxg",
    "model": "sessions.session",
    "fields": {
        "expire_date": "2015-04-12T12:51:55.581Z",
        "session_data": "MzdhYmM5NmM5YzcyYjFiNWRlNWFlNTllNGFjN2M1YmE1NThmOGJmYjp7fQ=="
    }
}, {
    "pk": 2,
    "model": "feeds.post",
    "fields": {
        "content": "Lady Marmalade in pink print.",
        "post_date": "2015-03-29T08:33:50.100Z",
        "author": 1
    }
}, {
    "pk": 3,
    "model": "feeds.post",
    "fields": {
        "content": "My first shoutout.",
        "post_date": "2015-03-30T07:44:41.256Z",
        "author": 3
    }
}, {
    "pk": 4,
    "model": "feeds.post",
    "fields": {
        "content": "Sorry is not a glue, it doesn't always fix everything",
        "post_date": "2015-03-30T10:51:40.427Z",
        "author": 3
    }
}, {
    "pk": 5,
    "model": "feeds.post",
    "fields": {
        "content": "The worst feeling is pretending you don't care about something, when really it's all you seem to think about.",
        "post_date": "2015-03-30T12:01:12.492Z",
        "author": 7
    }
}, {
    "pk": 6,
    "model": "feeds.post",
    "fields": {
        "content": "I'm so thankful I had a childhood before technology attacks.",
        "post_date": "2015-03-30T12:12:57.210Z",
        "author": 8
    }
}, {
    "pk": 7,
    "model": "feeds.post",
    "fields": {
        "content": "The first person you think of in the morning, or last person you think of at night, is either the cause of your happiness or your pain. Bow :[",
        "post_date": "2015-03-30T12:14:12.211Z",
        "author": 8
    }
}, {
    "pk": 8,
    "model": "feeds.post",
    "fields": {
        "content": "Nothing feels better than knowing God loves you. He is always there for you, and he will always take care of you.",
        "post_date": "2015-03-30T12:16:07.997Z",
        "author": 6
    }
}, {
    "pk": 9,
    "model": "feeds.post",
    "fields": {
        "content": "Pizza will never mess with your feelings.",
        "post_date": "2015-03-30T13:13:43.715Z",
        "author": 7
    }
}, {
    "pk": 10,
    "model": "feeds.post",
    "fields": {
        "content": "When you think you're not happy with your life, always think that someone is happy simply because you exist.",
        "post_date": "2015-03-30T13:41:42.376Z",
        "author": 8
    }
}, {
    "pk": 1,
    "model": "feeds.like",
    "fields": {
        "like_date": "2015-03-29T12:09:33.093Z",
        "post": 2,
        "liker": 1
    }
}, {
    "pk": 2,
    "model": "feeds.like",
    "fields": {
        "like_date": "2015-03-30T07:44:49.534Z",
        "post": 3,
        "liker": 3
    }
}, {
    "pk": 3,
    "model": "feeds.like",
    "fields": {
        "like_date": "2015-03-30T12:02:23.420Z",
        "post": 4,
        "liker": 7
    }
}, {
    "pk": 4,
    "model": "feeds.like",
    "fields": {
        "like_date": "2015-03-30T12:28:13.113Z",
        "post": 8,
        "liker": 7
    }
}, {
    "pk": 1,
    "model": "feeds.comment",
    "fields": {
        "content": "Im thinking...",
        "post": 2,
        "comment_date": "2015-03-29T11:39:15.256Z",
        "author": 1
    }
}, {
    "pk": 2,
    "model": "feeds.comment",
    "fields": {
        "content": "what??",
        "post": 2,
        "comment_date": "2015-03-29T12:06:09.838Z",
        "author": 1
    }
}, {
    "pk": 3,
    "model": "feeds.comment",
    "fields": {
        "content": "Summer is coming!",
        "post": 2,
        "comment_date": "2015-03-29T12:45:00.263Z",
        "author": 1
    }
}, {
    "pk": 4,
    "model": "feeds.comment",
    "fields": {
        "content": "Are you coming to the tree??",
        "post": 2,
        "comment_date": "2015-03-30T07:43:34.016Z",
        "author": 3
    }
}, {
    "pk": 1,
    "model": "auth.permission",
    "fields": {
        "codename": "add_logentry",
        "name": "Can add log entry",
        "content_type": 1
    }
}, {
    "pk": 2,
    "model": "auth.permission",
    "fields": {
        "codename": "change_logentry",
        "name": "Can change log entry",
        "content_type": 1
    }
}, {
    "pk": 3,
    "model": "auth.permission",
    "fields": {
        "codename": "delete_logentry",
        "name": "Can delete log entry",
        "content_type": 1
    }
}, {
    "pk": 4,
    "model": "auth.permission",
    "fields": {
        "codename": "add_permission",
        "name": "Can add permission",
        "content_type": 2
    }
}, {
    "pk": 5,
    "model": "auth.permission",
    "fields": {
        "codename": "change_permission",
        "name": "Can change permission",
        "content_type": 2
    }
}, {
    "pk": 6,
    "model": "auth.permission",
    "fields": {
        "codename": "delete_permission",
        "name": "Can delete permission",
        "content_type": 2
    }
}, {
    "pk": 7,
    "model": "auth.permission",
    "fields": {
        "codename": "add_group",
        "name": "Can add group",
        "content_type": 3
    }
}, {
    "pk": 8,
    "model": "auth.permission",
    "fields": {
        "codename": "change_group",
        "name": "Can change group",
        "content_type": 3
    }
}, {
    "pk": 9,
    "model": "auth.permission",
    "fields": {
        "codename": "delete_group",
        "name": "Can delete group",
        "content_type": 3
    }
}, {
    "pk": 10,
    "model": "auth.permission",
    "fields": {
        "codename": "add_user",
        "name": "Can add user",
        "content_type": 4
    }
}, {
    "pk": 11,
    "model": "auth.permission",
    "fields": {
        "codename": "change_user",
        "name": "Can change user",
        "content_type": 4
    }
}, {
    "pk": 12,
    "model": "auth.permission",
    "fields": {
        "codename": "delete_user",
        "name": "Can delete user",
        "content_type": 4
    }
}, {
    "pk": 13,
    "model": "auth.permission",
    "fields": {
        "codename": "add_contenttype",
        "name": "Can add content type",
        "content_type": 5
    }
}, {
    "pk": 14,
    "model": "auth.permission",
    "fields": {
        "codename": "change_contenttype",
        "name": "Can change content type",
        "content_type": 5
    }
}, {
    "pk": 15,
    "model": "auth.permission",
    "fields": {
        "codename": "delete_contenttype",
        "name": "Can delete content type",
        "content_type": 5
    }
}, {
    "pk": 16,
    "model": "auth.permission",
    "fields": {
        "codename": "add_session",
        "name": "Can add session",
        "content_type": 6
    }
}, {
    "pk": 17,
    "model": "auth.permission",
    "fields": {
        "codename": "change_session",
        "name": "Can change session",
        "content_type": 6
    }
}, {
    "pk": 18,
    "model": "auth.permission",
    "fields": {
        "codename": "delete_session",
        "name": "Can delete session",
        "content_type": 6
    }
}, {
    "pk": 19,
    "model": "auth.permission",
    "fields": {
        "codename": "add_profile",
        "name": "Can add profile",
        "content_type": 7
    }
}, {
    "pk": 20,
    "model": "auth.permission",
    "fields": {
        "codename": "change_profile",
        "name": "Can change profile",
        "content_type": 7
    }
}, {
    "pk": 21,
    "model": "auth.permission",
    "fields": {
        "codename": "delete_profile",
        "name": "Can delete profile",
        "content_type": 7
    }
}, {
    "pk": 22,
    "model": "auth.permission",
    "fields": {
        "codename": "add_post",
        "name": "Can add post",
        "content_type": 8
    }
}, {
    "pk": 23,
    "model": "auth.permission",
    "fields": {
        "codename": "change_post",
        "name": "Can change post",
        "content_type": 8
    }
}, {
    "pk": 24,
    "model": "auth.permission",
    "fields": {
        "codename": "delete_post",
        "name": "Can delete post",
        "content_type": 8
    }
}, {
    "pk": 25,
    "model": "auth.permission",
    "fields": {
        "codename": "add_like",
        "name": "Can add like",
        "content_type": 9
    }
}, {
    "pk": 26,
    "model": "auth.permission",
    "fields": {
        "codename": "change_like",
        "name": "Can change like",
        "content_type": 9
    }
}, {
    "pk": 27,
    "model": "auth.permission",
    "fields": {
        "codename": "delete_like",
        "name": "Can delete like",
        "content_type": 9
    }
}, {
    "pk": 28,
    "model": "auth.permission",
    "fields": {
        "codename": "add_comment",
        "name": "Can add comment",
        "content_type": 10
    }
}, {
    "pk": 29,
    "model": "auth.permission",
    "fields": {
        "codename": "change_comment",
        "name": "Can change comment",
        "content_type": 10
    }
}, {
    "pk": 30,
    "model": "auth.permission",
    "fields": {
        "codename": "delete_comment",
        "name": "Can delete comment",
        "content_type": 10
    }
}, {
    "pk": 1,
    "model": "auth.user",
    "fields": {
        "username": "cf17",
        "first_name": "",
        "last_name": "",
        "is_active": true,
        "is_superuser": true,
        "is_staff": true,
        "last_login": "2015-03-30T06:39:19.999Z",
        "groups": [],
        "user_permissions": [],
        "password": "pbkdf2_sha256$12000$kxHGlpX1AO93$DLbCKQmPNjZwPRT29s+PKxNI6Sg/cwnh8XijRaaCYPg=",
        "email": "",
        "date_joined": "2015-03-29T05:52:15.754Z"
    }
}, {
    "pk": 2,
    "model": "auth.user",
    "fields": {
        "username": "graham",
        "first_name": "",
        "last_name": "",
        "is_active": true,
        "is_superuser": false,
        "is_staff": false,
        "last_login": "2015-03-29T12:33:23.470Z",
        "groups": [],
        "user_permissions": [],
        "password": "pbkdf2_sha256$12000$RpKPRG0hVyZT$WbH+LXJIo9SIRLWL6fF8Uz4s0GBFwxBRMxKnRgLFfNc=",
        "email": "",
        "date_joined": "2015-03-29T05:54:08.482Z"
    }
}, {
    "pk": 3,
    "model": "auth.user",
    "fields": {
        "username": "aldwyn",
        "first_name": "Aldwyn",
        "last_name": "Cabarrubias",
        "is_active": true,
        "is_superuser": false,
        "is_staff": false,
        "last_login": "2015-03-30T11:47:20.058Z",
        "groups": [],
        "user_permissions": [],
        "password": "pbkdf2_sha256$12000$xwUleBuWO5Cs$FYChrL/7VapV9zRSqSePkysWfGlKam9FdM5lfYVleR4=",
        "email": "aldwyn.up@gmail.com",
        "date_joined": "2015-03-29T12:52:14.367Z"
    }
}, {
    "pk": 4,
    "model": "auth.user",
    "fields": {
        "username": "juan_shoutout",
        "first_name": "Juan",
        "last_name": "Dela Cruz",
        "is_active": true,
        "is_superuser": false,
        "is_staff": false,
        "last_login": "2015-03-30T11:02:09.183Z",
        "groups": [],
        "user_permissions": [],
        "password": "pbkdf2_sha256$12000$mga8HKwrOscq$fh5e/5dDwhQJuC3/S9TxQCX8dVvFIb7wnbbmyIABtJ4=",
        "email": "juan@gmail.com",
        "date_joined": "2015-03-30T06:39:02.236Z"
    }
}, {
    "pk": 5,
    "model": "auth.user",
    "fields": {
        "username": "shanafring",
        "first_name": "Shana",
        "last_name": "Fring",
        "is_active": true,
        "is_superuser": false,
        "is_staff": false,
        "last_login": "2015-03-30T10:58:10.250Z",
        "groups": [],
        "user_permissions": [],
        "password": "pbkdf2_sha256$12000$UWhwXwhJ4VZD$CwGfboAeicIsb4xo44n8l2uwpWTqkFGEJchH5p+ArgE=",
        "email": "shana@fring.com",
        "date_joined": "2015-03-30T10:58:10.250Z"
    }
}, {
    "pk": 6,
    "model": "auth.user",
    "fields": {
        "username": "aria",
        "first_name": "Aria",
        "last_name": "Montgomery",
        "is_active": true,
        "is_superuser": false,
        "is_staff": false,
        "last_login": "2015-03-30T10:59:23.913Z",
        "groups": [],
        "user_permissions": [],
        "password": "pbkdf2_sha256$12000$TZBpJX2Y414h$+dtxi4rtAn2HZZnyluvDul3M3dnTKZ5zYdbPFluICKU=",
        "email": "aria@pll.com",
        "date_joined": "2015-03-30T10:59:23.913Z"
    }
}, {
    "pk": 7,
    "model": "auth.user",
    "fields": {
        "username": "shana_fring",
        "first_name": "Shana",
        "last_name": "Fring",
        "is_active": true,
        "is_superuser": false,
        "is_staff": false,
        "last_login": "2015-03-30T12:15:34.048Z",
        "groups": [],
        "user_permissions": [],
        "password": "pbkdf2_sha256$12000$0MMcQyL5C7eK$dStcZhwmjD/K4kd0iQBGCMJESGau55/A9hKx6LahVaU=",
        "email": "shana@ex.com",
        "date_joined": "2015-03-30T11:52:05.142Z"
    }
}, {
    "pk": 8,
    "model": "auth.user",
    "fields": {
        "username": "shana",
        "first_name": "Shana",
        "last_name": "Fring",
        "is_active": true,
        "is_superuser": false,
        "is_staff": false,
        "last_login": "2015-03-31T03:04:05.708Z",
        "groups": [],
        "user_permissions": [],
        "password": "pbkdf2_sha256$12000$vIMDZtcx7ZUe$qBsS3VjMNx6BmpmlOtZ3jOylnSUU7aevRvh8Yy654zw=",
        "email": "shana@ex.com",
        "date_joined": "2015-03-30T11:56:35.044Z"
    }
}, {
    "pk": 9,
    "model": "auth.user",
    "fields": {
        "username": "venti_latte",
        "first_name": "Ariana",
        "last_name": "Venti",
        "is_active": true,
        "is_superuser": false,
        "is_staff": false,
        "last_login": "2015-03-30T13:41:38.703Z",
        "groups": [],
        "user_permissions": [],
        "password": "pbkdf2_sha256$12000$nmH3aybfdUmJ$HCsm5pO90Z5VQrEJmBN16UMXfGT3VjFWUGK+wzsBDRk=",
        "email": "ariana@starbucks.com",
        "date_joined": "2015-03-30T12:03:26.940Z"
    }
}, {
    "pk": 10,
    "model": "auth.user",
    "fields": {
        "username": "frappuccino",
        "first_name": "Frappe",
        "last_name": "Kenstein",
        "is_active": true,
        "is_superuser": false,
        "is_staff": false,
        "last_login": "2015-03-30T12:29:18.616Z",
        "groups": [],
        "user_permissions": [],
        "password": "pbkdf2_sha256$12000$14flePcH4hnT$ZxAMZMwEXR82jz61nn/4jsi4k3gvK3Bw5iMocDHCmUU=",
        "email": "frappe@starbucks.com",
        "date_joined": "2015-03-30T12:29:18.616Z"
    }
}, {
    "pk": 11,
    "model": "auth.user",
    "fields": {
        "username": "choco",
        "first_name": "Choco",
        "last_name": "Chippettes",
        "is_active": true,
        "is_superuser": false,
        "is_staff": false,
        "last_login": "2015-03-30T12:33:37.909Z",
        "groups": [],
        "user_permissions": [],
        "password": "pbkdf2_sha256$12000$oGZegqWralHq$rM6H3oZEOUt/H4aVcYAug1Km4hO8M6ANWv7Ks+Ls4xQ=",
        "email": "choco@starbucks.com",
        "date_joined": "2015-03-30T12:33:37.909Z"
    }
}, {
    "pk": 12,
    "model": "auth.user",
    "fields": {
        "username": "view_sonic",
        "first_name": "View",
        "last_name": "Sonic",
        "is_active": true,
        "is_superuser": false,
        "is_staff": false,
        "last_login": "2015-03-30T12:46:50.201Z",
        "groups": [],
        "user_permissions": [],
        "password": "pbkdf2_sha256$12000$k4mh3Dr9W2sl$l3lvFBRM59t7uv3d7zPh5XuOXbLOG428EcN+PkjX6ZE=",
        "email": "view@sonic.com",
        "date_joined": "2015-03-30T12:39:46.614Z"
    }
}, {
    "pk": 13,
    "model": "auth.user",
    "fields": {
        "username": "",
        "first_name": "Scrum",
        "last_name": "Board",
        "is_active": true,
        "is_superuser": false,
        "is_staff": false,
        "last_login": "2015-03-30T12:49:49.651Z",
        "groups": [],
        "user_permissions": [],
        "password": "pbkdf2_sha256$12000$gNl95lyDJ22F$jsHc+Px4DoU+PoNiLi2DWOtGFrNktA+A4VkDlVdLo8U=",
        "email": "scrum@board.com",
        "date_joined": "2015-03-30T12:49:49.651Z"
    }
}, {
    "pk": 14,
    "model": "auth.user",
    "fields": {
        "username": "josie",
        "first_name": "Josie",
        "last_name": "Rizal",
        "is_active": true,
        "is_superuser": false,
        "is_staff": false,
        "last_login": "2015-03-30T13:29:52.452Z",
        "groups": [],
        "user_permissions": [],
        "password": "pbkdf2_sha256$12000$EXKdUu101xZx$hWr5ALP9/+QFwHd4fkPEwEDRj5kpW/i1zMAzus3B8mU=",
        "email": "josie@rizal.com",
        "date_joined": "2015-03-30T13:23:37.757Z"
    }
}, {
    "pk": 15,
    "model": "auth.user",
    "fields": {
        "username": "dean_winchester",
        "first_name": "Dean",
        "last_name": "Winchester",
        "is_active": true,
        "is_superuser": false,
        "is_staff": false,
        "last_login": "2015-03-30T13:32:07.989Z",
        "groups": [],
        "user_permissions": [],
        "password": "pbkdf2_sha256$12000$n9Koamv9YIDR$Dt14UZ2F0kvEYqz3Ph4kxrNcZyXVStQoU/VXPa47/hE=",
        "email": "dean@supernatural.com",
        "date_joined": "2015-03-30T13:32:07.989Z"
    }
}, {
    "pk": 1,
    "model": "feeds.profile",
    "fields": {
        "prof_pic": "",
        "gender": "",
        "user": 2,
        "birthdate": null,
        "bio": ""
    }
}, {
    "pk": 2,
    "model": "feeds.profile",
    "fields": {
        "prof_pic": "",
        "gender": "",
        "user": 3,
        "birthdate": null,
        "bio": ""
    }
}, {
    "pk": 3,
    "model": "feeds.profile",
    "fields": {
        "prof_pic": "",
        "gender": "",
        "user": 4,
        "birthdate": null,
        "bio": ""
    }
}, {
    "pk": 4,
    "model": "feeds.profile",
    "fields": {
        "prof_pic": "",
        "gender": "",
        "user": 5,
        "birthdate": null,
        "bio": ""
    }
}, {
    "pk": 5,
    "model": "feeds.profile",
    "fields": {
        "prof_pic": "",
        "gender": "",
        "user": 6,
        "birthdate": null,
        "bio": ""
    }
}, {
    "pk": 6,
    "model": "feeds.profile",
    "fields": {
        "prof_pic": "",
        "gender": "",
        "user": 7,
        "birthdate": null,
        "bio": ""
    }
}, {
    "pk": 7,
    "model": "feeds.profile",
    "fields": {
        "prof_pic": "",
        "gender": "",
        "user": 8,
        "birthdate": null,
        "bio": ""
    }
}, {
    "pk": 8,
    "model": "feeds.profile",
    "fields": {
        "prof_pic": "",
        "gender": "",
        "user": 9,
        "birthdate": null,
        "bio": ""
    }
}, {
    "pk": 9,
    "model": "feeds.profile",
    "fields": {
        "prof_pic": "",
        "gender": "",
        "user": 10,
        "birthdate": null,
        "bio": ""
    }
}, {
    "pk": 10,
    "model": "feeds.profile",
    "fields": {
        "prof_pic": "",
        "gender": "",
        "user": 11,
        "birthdate": null,
        "bio": ""
    }
}, {
    "pk": 11,
    "model": "feeds.profile",
    "fields": {
        "prof_pic": "",
        "gender": "",
        "user": 12,
        "birthdate": null,
        "bio": ""
    }
}, {
    "pk": 1,
    "model": "admin.logentry",
    "fields": {
        "action_flag": 3,
        "action_time": "2015-03-30T13:19:45.447Z",
        "object_repr": "",
        "object_id": "12",
        "change_message": "",
        "user": 1,
        "content_type": 7
    }
}]
